Broj šetnji,Serijska implementacija,Paralelna implementacija
300,27.032333,46.671196
600,34.207081,52.855629
900,49.972453,59.757545
1200,61.62,68.144959
1500,72.93,77.180386
1800,85.4,84.556964
2100,97.77,93.268643
2400,109.315041,100.895541
