,dataset,nodes,edges,avg_degree,var_degree
0,Twitch,123518,6797557,55.03292637510322,122730.67306051574
1,Wiki Talks,251154,7833140,31.188593452622694,555388.2595194941
2,UK2002,15759370,298113762,18.916604026683807,837.2835760235745
3,Live Journal,4308452,68993773,16.01358747875107,1436.160698200193
4,SBM 10M,8164,10000000,1224.889759921607,499943.7347849013
