Broj šetnji,Serijska implementacija,Paralelne implementacija
100,0.58031,0.575914
200,0.624504,0.654
300,0.701834,0.645231
400,0.717563,0.708462
500,0.72748,0.71125
600,0.774543,0.725454
700,0.786713,0.74472
800,0.78749,0.721272
900,0.775203,0.717695
